,id,username,email,role,join_date
0,1,admin,admin01@gmail.com,admin,2025-05-01 02:07:59.773751
1,2,thomas,thomas01@gmail.com,user,2025-05-01 02:08:14.323828
2,3,cube,cube@mail.com,user,2025-05-01 02:18:42.459770
3,4,tom,tom@mail.com,user,2025-05-01 02:18:53.872481
4,5,lanie,lanie@mail.com,user,2025-05-01 02:19:10.914756
5,6,hugo,hugo@mail.com,user,2025-05-01 02:19:39.958752
6,7,braf,braf@mail.com,user,2025-05-01 02:20:09.459022
7,8,elliot,elliot@mail.com,user,2025-05-01 02:20:36.002141
8,9,bojak,bojak@mail.com,user,2025-05-01 02:20:57.411589
9,10,secretariet,secretariet@mail.com,user,2025-05-01 02:21:33.446908
10,11,lilo,lilo@mail.com,user,2025-05-01 02:22:23.692646
